{
"validation error": 0.8220338983050848,
"train error": 0.8220338983050848
}